"country_area","year","value"
"Australia","2014","393126.946994288"
"Australia","2013","396913.93653029"
"Australia","2012","406462.8477036"
"Australia","2011","403705.528313991"
"Australia","2010","406200.993184341"
"Australia","2009","408448.47899963"
"Australia","2008","404237.828214077"
"Australia","2007","398816.453543549"
"Australia","2006","391134.100909449"
"Australia","2005","385581.132806466"
"Australia","2004","381519.261592783"
"Australia","2003","368345.977425107"
"Australia","2002","361861.387896028"
"Australia","2001","357653.329899303"
"Australia","2000","349885.433108928"
"Australia","1999","343713.906947774"
"Australia","1998","334328.142646602"
"Australia","1997","320439.116819391"
"Australia","1996","311914.819824229"
"Australia","1995","305162.543548735"
"Australia","1994","293830.709141192"
"Australia","1993","289142.267681326"
"Australia","1992","284766.092717838"
"Australia","1991","279741.639011863"
"Australia","1990","278265.898940768"
"Austria","2014","64262.5639931315"
"Austria","2013","67957.1211123863"
"Austria","2012","67698.6586349119"
"Austria","2011","70327.1670444138"
"Austria","2010","72531.826129136"
"Austria","2009","67682.7251493548"
"Austria","2008","74066.2557920763"
"Austria","2007","74268.1107226333"
"Austria","2006","76934.9515340371"
"Austria","2005","79588.5018807541"
"Austria","2004","78388.9974250799"
"Austria","2003","78023.9538963192"
"Austria","2002","72126.5914446168"
"Austria","2001","70299.4711482287"
"Austria","2000","66274.7432545115"
"Austria","1999","65660.1336422327"
"Austria","1998","67047.2506680177"
"Austria","1997","67455.8927304212"
"Austria","1996","67667.2626980903"
"Austria","1995","64202.1592201769"
"Austria","1994","61189.1025048542"
"Austria","1993","60790.7577213156"
"Austria","1992","60432.2493410185"
"Austria","1991","65903.513308256"
"Austria","1990","62297.1655681668"
"Belarus","2014","60615.645730992"
"Belarus","2013","61510.987153813"
"Belarus","2012","60636.851387067"
"Belarus","2011","61128.400592577"
"Belarus","2010","61632.492704327"
"Belarus","2009","59596.205375555"
"Belarus","2008","63846.103794367"
"Belarus","2007","61563.881729088"
"Belarus","2006","62229.398882869"
"Belarus","2005","59664.73908178"
"Belarus","2004","58457.64761596"
"Belarus","2003","54845.145835185"
"Belarus","2002","53843.704423847"
"Belarus","2001","53783.847673632"
"Belarus","2000","53686.857490672"
"Belarus","1999","55033.952116896"
"Belarus","1998","57426.329584039"
"Belarus","1997","60971.816305307"
"Belarus","1996","57251.355700374"
"Belarus","1995","56005.93938238"
"Belarus","1994","62402.279082903"
"Belarus","1993","75551.755291625"
"Belarus","1992","87060.81028961"
"Belarus","1991","93649.166141388"
"Belarus","1990","100438.095063708"
"Belgium","2014","96325.4131833302"
"Belgium","2013","101744.736736883"
"Belgium","2012","100931.595609756"
"Belgium","2011","104945.713770963"
"Belgium","2010","114155.386728776"
"Belgium","2009","107282.543508312"
"Belgium","2008","120362.609842562"
"Belgium","2007","118027.408646158"
"Belgium","2006","122319.593759433"
"Belgium","2005","125118.016504076"
"Belgium","2004","128640.48346799"
"Belgium","2003","127523.989700176"
"Belgium","2002","126015.194675856"
"Belgium","2001","125649.370538717"
"Belgium","2000","126315.209948975"
"Belgium","1999","124208.071769964"
"Belgium","1998","129737.090031462"
"Belgium","1997","123495.742758683"
"Belgium","1996","129010.471708927"
"Belgium","1995","125519.441990638"
"Belgium","1994","124426.885709848"
"Belgium","1993","121156.964954729"
"Belgium","1992","122217.919518023"
"Belgium","1991","123130.652897225"
"Belgium","1990","119982.503418506"
"Bulgaria","2014","45139.955286201"
"Bulgaria","2013","42534.9272034699"
"Bulgaria","2012","48117.5560830313"
"Bulgaria","2011","53020.9811161954"
"Bulgaria","2010","47678.6489573594"
"Bulgaria","2009","45487.8735503956"
"Bulgaria","2008","53655.1401671903"
"Bulgaria","2007","55184.4241047849"
"Bulgaria","2006","51446.2829381283"
"Bulgaria","2005","50191.1160644292"
"Bulgaria","2004","49170.3376894348"
"Bulgaria","2003","49971.1515762142"
"Bulgaria","2002","45786.2947197982"
"Bulgaria","2001","48568.9178318705"
"Bulgaria","2000","44896.670545605"
"Bulgaria","1999","45751.789097251"
"Bulgaria","1998","52143.3567693638"
"Bulgaria","1997","54790.1341566389"
"Bulgaria","1996","57581.194759982"
"Bulgaria","1995","57221.6062924032"
"Bulgaria","1994","55649.0813153431"
"Bulgaria","1993","57203.9355176784"
"Bulgaria","1992","56551.5935722778"
"Bulgaria","1991","59769.3415026104"
"Bulgaria","1990","78197.8812570199"
"Canada","2014","574099.775511611"
"Canada","2013","573094.038846396"
"Canada","2012","563423.613154917"
"Canada","2011","558152.72293811"
"Canada","2010","555003.760260925"
"Canada","2009","542829.458896225"
"Canada","2008","577444.930222255"
"Canada","2007","596041.321973836"
"Canada","2006","573479.269701141"
"Canada","2005","579225.335719904"
"Canada","2004","585414.860574334"
"Canada","2003","587306.678537712"
"Canada","2002","569862.145645112"
"Canada","2001","564617.020300164"
"Canada","2000","572290.385518472"
"Canada","1999","550183.063388038"
"Canada","1998","533794.453645326"
"Canada","1997","525120.011175522"
"Canada","1996","510619.682210148"
"Canada","1995","497224.83692526"
"Canada","1994","482691.671271798"
"Canada","1993","467607.237235461"
"Canada","1992","468546.458912059"
"Canada","1991","454246.137946001"
"Canada","1990","463493.332387577"
"Croatia","2014","17607.3224145688"
"Croatia","2013","18359.4998410627"
"Croatia","2012","18776.3813482483"
"Croatia","2011","20614.4404738916"
"Croatia","2010","21183.709310531"
"Croatia","2009","21965.6352675347"
"Croatia","2008","23715.3843178607"
"Croatia","2007","24955.3759314165"
"Croatia","2006","23684.9350307817"
"Croatia","2005","23451.8458466746"
"Croatia","2004","23005.2348535353"
"Croatia","2003","23355.2211046544"
"Croatia","2002","22031.1266650621"
"Croatia","2001","20943.1099586839"
"Croatia","2000","19789.1217501208"
"Croatia","1999","20215.653226001"
"Croatia","1998","19372.3876004329"
"Croatia","1997","18666.4669752133"
"Croatia","1996","17587.8984604534"
"Croatia","1995","16992.8004192757"
"Croatia","1994","16342.1818762402"
"Croatia","1993","17081.2280227503"
"Croatia","1992","16607.1344792414"
"Croatia","1991","17268.9103457996"
"Croatia","1990","23390.075209187"
"Cyprus","2014","6878.555308563"
"Cyprus","2013","6449.610812027"
"Cyprus","2012","7160.971875548"
"Cyprus","2011","7696.667805268"
"Cyprus","2010","8004.912020822"
"Cyprus","2009","8372.396591774"
"Cyprus","2008","8620.395581741"
"Cyprus","2007","8458.664261444"
"Cyprus","2006","8152.492308125"
"Cyprus","2005","7961.983988964"
"Cyprus","2004","7776.909404745"
"Cyprus","2003","7550.081927808"
"Cyprus","2002","7160.388457603"
"Cyprus","2001","6969.466175788"
"Cyprus","2000","7095.964384675"
"Cyprus","1999","6847.659115972"
"Cyprus","1998","6580.296149717"
"Cyprus","1997","6287.031657389"
"Cyprus","1996","6156.132133961"
"Cyprus","1995","5848.043785196"
"Cyprus","1994","5977.257104602"
"Cyprus","1993","5733.674102128"
"Cyprus","1992","5482.974869661"
"Cyprus","1991","5107.082886881"
"Cyprus","1990","4621.007176785"
"Czech Republic","2014","101159.12216724"
"Czech Republic","2013","106477.08866661"
"Czech Republic","2012","109841.328902436"
"Czech Republic","2011","114113.146744787"
"Czech Republic","2010","115757.36858641"
"Czech Republic","2009","113970.029219436"
"Czech Republic","2008","121780.716313732"
"Czech Republic","2007","126933.162985254"
"Czech Republic","2006","125923.402444959"
"Czech Republic","2005","124590.137925265"
"Czech Republic","2004","126876.916162316"
"Czech Republic","2003","126151.648802001"
"Czech Republic","2002","122593.400101873"
"Czech Republic","2001","125541.536474736"
"Czech Republic","2000","125841.969268613"
"Czech Republic","1999","115475.259995958"
"Czech Republic","1998","123696.517294897"
"Czech Republic","1997","128732.638710869"
"Czech Republic","1996","132234.071786388"
"Czech Republic","1995","129767.166426691"
"Czech Republic","1994","129188.734109272"
"Czech Republic","1993","135588.565572531"
"Czech Republic","1992","141565.719740237"
"Czech Republic","1991","146047.33959314"
"Czech Republic","1990","161662.018871736"
"Denmark","2014","37460.6564588265"
"Denmark","2013","41537.0358081307"
"Denmark","2012","39524.4020330104"
"Denmark","2011","43970.7892561051"
"Denmark","2010","48993.4173755474"
"Denmark","2009","48592.2113851369"
"Denmark","2008","50935.6715289027"
"Denmark","2007","54429.0851744511"
"Denmark","2006","59162.4996316885"
"Denmark","2005","51307.2445174626"
"Denmark","2004","54916.9105639724"
"Denmark","2003","60493.9617162995"
"Denmark","2002","55339.6716999691"
"Denmark","2001","55845.147180549"
"Denmark","2000","54148.9049729906"
"Denmark","1999","58456.4158198368"
"Denmark","1998","61117.3416291516"
"Denmark","1997","65457.8348433241"
"Denmark","1996","75110.840989738"
"Denmark","1995","61914.1610128897"
"Denmark","1994","64988.7809040025"
"Denmark","1993","61038.6712439614"
"Denmark","1992","58960.3115236108"
"Denmark","1991","64874.8138594637"
"Denmark","1990","54306.4333356516"
"Estonia","2014","18918.7153387101"
"Estonia","2013","19566.3683734371"
"Estonia","2012","17304.6372276438"
"Estonia","2011","18449.9308643309"
"Estonia","2010","17833.779609149"
"Estonia","2009","14153.005161794"
"Estonia","2008","17264.5200333765"
"Estonia","2007","18755.6479305233"
"Estonia","2006","15719.5289253761"
"Estonia","2005","16330.7338304477"
"Estonia","2004","17055.0742451822"
"Estonia","2003","16833.2142927367"
"Estonia","2002","15020.2841500601"
"Estonia","2001","15493.8609887605"
"Estonia","2000","15141.3877177023"
"Estonia","1999","15518.4906207187"
"Estonia","1998","16684.3031468739"
"Estonia","1997","18223.6042706384"
"Estonia","1996","18666.1359705806"
"Estonia","1995","17953.7359736926"
"Estonia","1994","19626.4459432317"
"Estonia","1993","18810.9639158495"
"Estonia","1992","24187.827575953"
"Estonia","1991","33662.372514403"
"Estonia","1990","36666.0272974484"
"European Union","2014","3463397.56376209"
"European Union","2013","3646389.52530377"
"European Union","2012","3728965.03097874"
"European Union","2011","3789763.64094378"
"European Union","2010","3933290.52224844"
"European Union","2009","3814305.25795781"
"European Union","2008","4149624.29618927"
"European Union","2007","4244213.12941646"
"European Union","2006","4297988.16195699"
"European Union","2005","4290586.66799942"
"European Union","2004","4314560.87112777"
"European Union","2003","4306103.94478558"
"European Union","2002","4208860.12268355"
"European Union","2001","4232036.86327499"
"European Union","2000","4165145.4407136"
"European Union","1999","4139002.99479822"
"European Union","1998","4207666.03163804"
"European Union","1997","4216524.73281421"
"European Union","1996","4304793.28338046"
"European Union","1995","4204480.85553967"
"European Union","1994","4161321.31739286"
"European Union","1993","4177106.50927114"
"European Union","1992","4259922.81188982"
"European Union","1991","4403723.16147676"
"European Union","1990","4462205.14458363"
"Finland","2014","47597.7335272535"
"Finland","2013","51834.6967381541"
"Finland","2012","50983.2728750769"
"Finland","2011","56478.7455886964"
"Finland","2010","63828.0182275297"
"Finland","2009","55635.5827690138"
"Finland","2008","58461.6330236854"
"Finland","2007","66531.7208142561"
"Finland","2006","68201.9059970754"
"Finland","2005","56912.3148929823"
"Finland","2004","68821.8128908428"
"Finland","2003","72522.5901920366"
"Finland","2002","64946.4682059915"
"Finland","2001","62442.6400686017"
"Finland","2000","56973.3505273429"
"Finland","1999","58872.9308028447"
"Finland","1998","59351.4981462986"
"Finland","1997","62698.0867925088"
"Finland","1996","64038.9222021128"
"Finland","1995","58126.247543133"
"Finland","1994","61696.3853292446"
"Finland","1993","56333.26799423"
"Finland","1992","54264.3793101323"
"Finland","1991","55187.1794528947"
"Finland","1990","56950.8481820202"
"France","2014","341152.531504158"
"France","2013","369985.594525824"
"France","2012","370491.153703148"
"France","2011","368183.438441815"
"France","2010","394235.674136659"
"France","2009","383957.624293905"
"France","2008","401878.86465183"
"France","2007","408508.589897444"
"France","2006","417662.678913825"
"France","2005","428557.610248936"
"France","2004","423168.636085445"
"France","2003","422312.884466797"
"France","2002","413569.247853298"
"France","2001","417864.70558616"
"France","2000","417116.544673865"
"France","1999","420506.321957388"
"France","1998","429051.499923046"
"France","1997","407475.111806521"
"France","1996","414013.070054113"
"France","1995","401571.225451732"
"France","1994","394536.962436592"
"France","1993","394334.83380057"
"France","1992","414955.076785321"
"France","1991","425042.920702848"
"France","1990","400652.624020681"
"Germany","2014","792902.788025434"
"Germany","2013","835792.632256705"
"Germany","2012","817031.440197659"
"Germany","2011","812483.219621071"
"Germany","2010","832259.203309583"
"Germany","2009","788422.437923384"
"Germany","2008","853229.940752254"
"Germany","2007","850795.7207597"
"Germany","2006","877422.45689212"
"Germany","2005","865958.513395873"
"Germany","2004","886344.629703686"
"Germany","2003","900377.585440517"
"Germany","2002","899161.567421003"
"Germany","2001","915634.439635279"
"Germany","2000","899284.993390718"
"Germany","1999","895336.786172859"
"Germany","1998","922778.540047935"
"Germany","1997","930768.560542915"
"Germany","1996","958368.724698229"
"Germany","1995","938148.0930919"
"Germany","1994","939207.328236553"
"Germany","1993","955977.599356065"
"Germany","1992","965790.835271489"
"Germany","1991","1014119.71977239"
"Germany","1990","1052238.2340002"
"Greece","2014","79628.2743994757"
"Greece","2013","82910.6259583055"
"Greece","2012","90710.5742463723"
"Greece","2011","94102.9439816174"
"Greece","2010","97035.0827603655"
"Greece","2009","103969.78429385"
"Greece","2008","110255.765521907"
"Greece","2007","114127.554270902"
"Greece","2006","111777.743714104"
"Greece","2005","113219.822395958"
"Greece","2004","109571.060909579"
"Greece","2003","109126.567554916"
"Greece","2002","105051.466199101"
"Greece","2001","105407.307598309"
"Greece","2000","103019.664690088"
"Greece","1999","97979.7783523224"
"Greece","1998","98663.1941625214"
"Greece","1997","93839.8699189575"
"Greece","1996","89134.4253965711"
"Greece","1995","86980.6457725937"
"Greece","1994","86425.8565118787"
"Greece","1993","84263.0078976228"
"Greece","1992","84949.0258298748"
"Greece","1991","83390.3546805713"
"Greece","1990","83403.7199982216"
"Hungary","2014","43573.4088387418"
"Hungary","2013","43930.8781767816"
"Hungary","2012","46774.9448452999"
"Hungary","2011","50272.8651021622"
"Hungary","2010","52108.8927624657"
"Hungary","2009","51630.6900244073"
"Hungary","2008","57325.1623293437"
"Hungary","2007","58419.0391671472"
"Hungary","2006","59751.7310814697"
"Hungary","2005","60329.5050120849"
"Hungary","2004","60231.6619844867"
"Hungary","2003","61766.839595491"
"Hungary","2002","58968.2277702584"
"Hungary","2001","59995.7344751382"
"Hungary","2000","58336.8070649933"
"Hungary","1999","61593.1410164197"
"Hungary","1998","61087.7637948753"
"Hungary","1997","61549.9124641614"
"Hungary","1996","62950.2532137021"
"Hungary","1995","61354.4620207158"
"Hungary","1994","61568.3745934751"
"Hungary","1993","63174.9783732307"
"Hungary","1992","62050.1263972833"
"Hungary","1991","69392.7256389081"
"Hungary","1990","73115.1986276439"
"Iceland","2014","3272.20823296511"
"Iceland","2013","3301.79631376577"
"Iceland","2012","3290.57643132926"
"Iceland","2011","3298.56768958589"
"Iceland","2010","3383.55221868805"
"Iceland","2009","3521.8907096149"
"Iceland","2008","3567.20925966227"
"Iceland","2007","3236.89533653359"
"Iceland","2006","2939.27659673656"
"Iceland","2005","2797.31459197845"
"Iceland","2004","2837.02901057771"
"Iceland","2003","2792.72313185368"
"Iceland","2002","2795.90731167373"
"Iceland","2001","2710.29472706565"
"Iceland","2000","2728.93748510151"
"Iceland","1999","2655.39472544564"
"Iceland","1998","2450.23426342854"
"Iceland","1997","2450.24391979067"
"Iceland","1996","2385.91382557077"
"Iceland","1995","2299.61365454463"
"Iceland","1994","2248.36895252634"
"Iceland","1993","2294.50464413142"
"Iceland","1992","2172.61936326312"
"Iceland","1991","2042.93697601045"
"Iceland","1990","2106.02606837613"
"Ireland","2014","36559.0685812916"
"Ireland","2013","37049.4238313976"
"Ireland","2012","38031.6187161936"
"Ireland","2011","37895.1954270366"
"Ireland","2010","41558.2750861697"
"Ireland","2009","41996.3246778451"
"Ireland","2008","47175.5402654915"
"Ireland","2007","47493.1266838399"
"Ireland","2006","47405.9667288105"
"Ireland","2005","47952.2043880837"
"Ireland","2004","46042.4022484132"
"Ireland","2003","45554.322521515"
"Ireland","2002","45952.7301698154"
"Ireland","2001","47482.7207784323"
"Ireland","2000","45123.3354422644"
"Ireland","1999","42302.0878630807"
"Ireland","1998","40572.1758596239"
"Ireland","1997","38675.594023595"
"Ireland","1996","37335.1081070614"
"Ireland","1995","35718.7485642434"
"Ireland","1994","34696.485727221"
"Ireland","1993","33574.9717415815"
"Ireland","1992","33344.1023763207"
"Ireland","1991","33508.44202382"
"Ireland","1990","32768.5267614461"
"Italy","2014","342826.677130676"
"Italy","2013","362063.649296268"
"Italy","2012","389340.763399181"
"Italy","2011","416499.534208263"
"Italy","2010","428879.681194381"
"Italy","2009","418881.076903293"
"Italy","2008","467933.59324447"
"Italy","2007","478237.711240526"
"Italy","2006","486594.066569872"
"Italy","2005","490914.262890322"
"Italy","2004","492746.255602992"
"Italy","2003","489595.50811926"
"Italy","2002","473504.059244666"
"Italy","2001","471124.276709558"
"Italy","2000","465175.073350703"
"Italy","1999","459840.64226897"
"Italy","1998","454967.633181096"
"Italy","1997","444055.433535223"
"Italy","1996","440235.507200098"
"Italy","1995","447201.168755567"
"Italy","1994","421404.099922133"
"Italy","1993","429158.009174904"
"Italy","1992","435535.835117712"
"Italy","1991","435938.613895185"
"Italy","1990","436204.249867101"
"Japan","2014","1265490.60931631"
"Japan","2013","1311509.14921749"
"Japan","2012","1296186.35836425"
"Japan","2011","1261862.93795353"
"Japan","2010","1212970.22514141"
"Japan","2009","1162606.19176432"
"Japan","2008","1235455.81022118"
"Japan","2007","1319799.19357988"
"Japan","2006","1285177.83728116"
"Japan","2005","1305938.82350271"
"Japan","2004","1298433.88847959"
"Japan","2003","1299490.60851261"
"Japan","2002","1294399.19841025"
"Japan","2001","1257384.56001844"
"Japan","2000","1274297.98807522"
"Japan","1999","1253082.14716425"
"Japan","1998","1218257.76164334"
"Japan","1997","1253057.30667741"
"Japan","1996","1255264.19757618"
"Japan","1995","1242494.02197198"
"Japan","1994","1228936.69128837"
"Japan","1993","1167714.71812869"
"Japan","1992","1174619.00608734"
"Japan","1991","1164474.34578731"
"Japan","1990","1155993.61991868"
"Latvia","2014","7158.71803669862"
"Latvia","2013","7353.22044369415"
"Latvia","2012","7521.1225279261"
"Latvia","2011","7807.65940956673"
"Latvia","2010","8524.08722660934"
"Latvia","2009","7443.28601054364"
"Latvia","2008","8184.97124654311"
"Latvia","2007","8610.25539674785"
"Latvia","2006","8289.2066784209"
"Latvia","2005","7790.40393195636"
"Latvia","2004","7709.46076182043"
"Latvia","2003","7703.77150791307"
"Latvia","2002","7508.74324201186"
"Latvia","2001","7480.50260667025"
"Latvia","2000","7069.94204019894"
"Latvia","1999","7709.04999256645"
"Latvia","1998","8300.59527801083"
"Latvia","1997","8677.54581083478"
"Latvia","1996","9216.3839879477"
"Latvia","1995","9141.35351650325"
"Latvia","1994","10399.1411291737"
"Latvia","1993","11966.1455063059"
"Latvia","1992","14244.6533850411"
"Latvia","1991","18021.1952417204"
"Latvia","1990","19794.2944546485"
"Liechtenstein","2014","161.541816662752"
"Liechtenstein","2013","192.864415788715"
"Liechtenstein","2012","185.63243136026"
"Liechtenstein","2011","177.088040245414"
"Liechtenstein","2010","191.047501716787"
"Liechtenstein","2009","205.590543733379"
"Liechtenstein","2008","219.698915477856"
"Liechtenstein","2007","200.920107913985"
"Liechtenstein","2006","231.217305115884"
"Liechtenstein","2005","228.970323897819"
"Liechtenstein","2004","229.296321626453"
"Liechtenstein","2003","229.265875097937"
"Liechtenstein","2002","219.947204551546"
"Liechtenstein","2001","214.585310816839"
"Liechtenstein","2000","216.750456413769"
"Liechtenstein","1999","226.448838014394"
"Liechtenstein","1998","229.11710392684"
"Liechtenstein","1997","218.235372862382"
"Liechtenstein","1996","205.809089624326"
"Liechtenstein","1995","204.05592043076"
"Liechtenstein","1994","200.961153022994"
"Liechtenstein","1993","214.867690812009"
"Liechtenstein","1992","206.776032802858"
"Liechtenstein","1991","206.146706845605"
"Liechtenstein","1990","198.775112043709"
"Lithuania","2014","12732.798863701"
"Lithuania","2013","12987.8175314716"
"Lithuania","2012","13975.5232139658"
"Lithuania","2011","13919.0154984666"
"Lithuania","2010","13618.9126645228"
"Lithuania","2009","12727.12003622"
"Lithuania","2008","14963.2547162584"
"Lithuania","2007","15624.07633974"
"Lithuania","2006","14303.032680413"
"Lithuania","2005","13946.8843032497"
"Lithuania","2004","13185.4933655222"
"Lithuania","2003","12605.2382016521"
"Lithuania","2002","12614.4250089828"
"Lithuania","2001","12507.9666751041"
"Lithuania","2000","11801.964898672"
"Lithuania","1999","13422.1511465775"
"Lithuania","1998","15901.5175726569"
"Lithuania","1997","15086.2857611334"
"Lithuania","1996","15676.8310317989"
"Lithuania","1995","15022.5441346944"
"Lithuania","1994","15765.4147628091"
"Lithuania","1993","16347.1718255148"
"Lithuania","1992","21207.8873890696"
"Lithuania","1991","37908.6124957275"
"Lithuania","1990","35812.8936845412"
"Luxembourg","2014","9826.25327758284"
"Luxembourg","2013","10303.0396071267"
"Luxembourg","2012","10872.0644823704"
"Luxembourg","2011","11168.5116663343"
"Luxembourg","2010","11285.0274171344"
"Luxembourg","2009","10725.5221348792"
"Luxembourg","2008","11245.8724868627"
"Luxembourg","2007","11398.7059208596"
"Luxembourg","2006","11995.820174914"
"Luxembourg","2005","12130.9137942819"
"Luxembourg","2004","11871.1077184731"
"Luxembourg","2003","10443.3832173203"
"Luxembourg","2002","10068.1403163216"
"Luxembourg","2001","9311.91612729174"
"Luxembourg","2000","8798.1820808658"
"Luxembourg","1999","7986.15588056852"
"Luxembourg","1998","7619.36328997421"
"Luxembourg","1997","8530.7453454746"
"Luxembourg","1996","9217.19030053529"
"Luxembourg","1995","9155.85264991365"
"Luxembourg","1994","11560.5716944518"
"Luxembourg","1993","12375.507079302"
"Luxembourg","1992","12253.5715940463"
"Luxembourg","1991","12467.5131948589"
"Luxembourg","1990","11944.0073852812"
"Malta","2014","2483.5367864507"
"Malta","2013","2476.07442909592"
"Malta","2012","2868.63812814327"
"Malta","2011","2785.89656845722"
"Malta","2010","2690.51803520544"
"Malta","2009","2684.52129301397"
"Malta","2008","2822.40616690519"
"Malta","2007","2831.64226468627"
"Malta","2006","2776.31430670588"
"Malta","2005","2736.31293358517"
"Malta","2004","2604.74483182786"
"Malta","2003","2666.13432525932"
"Malta","2002","2464.21222943374"
"Malta","2001","2550.60406083421"
"Malta","2000","2414.28381121499"
"Malta","1999","2418.55556461069"
"Malta","1998","2338.06278770006"
"Malta","1997","2331.95473493565"
"Malta","1996","2329.18169821771"
"Malta","1995","2313.21608944717"
"Malta","1994","2302.77027658996"
"Malta","1993","2252.06276712832"
"Malta","1992","2174.6344662953"
"Malta","1991","2041.24609263112"
"Malta","1990","1860.47364818374"
"Monaco","2013","74.4309201897803"
"Monaco","2012","75.1655688427013"
"Monaco","2011","71.8818954508995"
"Monaco","2010","75.4682651256747"
"Monaco","2009","77.7719361035662"
"Monaco","2008","81.376901087813"
"Monaco","2007","82.7191922532151"
"Monaco","2006","82.1239180016564"
"Monaco","2005","88.7506912513649"
"Monaco","2004","90.2005037527358"
"Monaco","2003","95.2988549787458"
"Monaco","2002","98.1612757195457"
"Monaco","2001","98.5488680526432"
"Monaco","2000","98.3243559267737"
"Monaco","1999","100.659281930126"
"Monaco","1998","99.8168591352245"
"Monaco","1997","101.0844813444"
"Monaco","1996","102.31953844658"
"Monaco","1995","98.9904298934365"
"Monaco","1994","101.872636286934"
"Monaco","1993","100.881938455885"
"Monaco","1992","101.742603038854"
"Monaco","1991","96.1472045795796"
"Monaco","1990","95.3851833205759"
"Netherlands","2014","157789.581719585"
"Netherlands","2013","165475.88439356"
"Netherlands","2012","165665.023774753"
"Netherlands","2011","169792.136541403"
"Netherlands","2010","182529.786939532"
"Netherlands","2009","170796.156580042"
"Netherlands","2008","176174.418350642"
"Netherlands","2007","173178.420395882"
"Netherlands","2006","172772.892779103"
"Netherlands","2005","177540.473199828"
"Netherlands","2004","181546.25702136"
"Netherlands","2003","179867.888967448"
"Netherlands","2002","176462.400587543"
"Netherlands","2001","177037.401595998"
"Netherlands","2000","172059.812230581"
"Netherlands","1999","171228.109552445"
"Netherlands","1998","176617.168521043"
"Netherlands","1997","175487.970753103"
"Netherlands","1996","182573.582902116"
"Netherlands","1995","173196.297429017"
"Netherlands","1994","175008.703110698"
"Netherlands","1993","171497.891064769"
"Netherlands","1992","170975.242888508"
"Netherlands","1991","171081.473914794"
"Netherlands","1990","162497.559622722"
"New Zealand","2014","35616.9853050414"
"New Zealand","2013","35094.2867396817"
"New Zealand","2012","35621.0260193518"
"New Zealand","2011","34366.5826844218"
"New Zealand","2010","35017.2413542609"
"New Zealand","2009","34806.4020881589"
"New Zealand","2008","37674.0517694367"
"New Zealand","2007","36651.3714858119"
"New Zealand","2006","37519.1047271712"
"New Zealand","2005","37645.434299041"
"New Zealand","2004","36063.663329171"
"New Zealand","2003","36497.1710064703"
"New Zealand","2002","34768.2781829264"
"New Zealand","2001","34581.7227646535"
"New Zealand","2000","32355.957023316"
"New Zealand","1999","31523.1860916854"
"New Zealand","1998","29927.5013796907"
"New Zealand","1997","31363.4526194792"
"New Zealand","1996","29368.2649922759"
"New Zealand","1995","28143.4576273053"
"New Zealand","1994","27879.0592141093"
"New Zealand","1993","27697.2273476821"
"New Zealand","1992","28099.6999900939"
"New Zealand","1991","26108.064501553"
"New Zealand","1990","25419.7716716116"
"Norway","2014","43869.4510924803"
"Norway","2013","44309.0559727695"
"Norway","2012","44553.9656597819"
"Norway","2011","44946.8693532922"
"Norway","2010","45833.8920681508"
"Norway","2009","43212.0924688473"
"Norway","2008","44893.0941871551"
"Norway","2007","45842.8095311711"
"Norway","2006","43913.7448222241"
"Norway","2005","43548.2302876495"
"Norway","2004","44320.0048845842"
"Norway","2003","43906.7096554175"
"Norway","2002","42655.8748276072"
"Norway","2001","43530.3487635507"
"Norway","2000","42194.6191784625"
"Norway","1999","42691.7563679429"
"Norway","1998","41939.0379176034"
"Norway","1997","41683.1333687712"
"Norway","1996","41586.7085615304"
"Norway","1995","38464.9066615123"
"Norway","1994","38434.7651928654"
"Norway","1993","36520.7838206741"
"Norway","1992","34833.2478178252"
"Norway","1991","34070.978364376"
"Norway","1990","35694.8243978959"
"Poland","2014","310307.297357959"
"Poland","2013","322440.486501595"
"Poland","2012","326597.790549729"
"Poland","2011","333713.650695256"
"Poland","2010","334026.154705205"
"Poland","2009","315937.965878291"
"Poland","2008","329338.171084879"
"Poland","2007","336268.110889212"
"Poland","2006","336500.578934838"
"Poland","2005","323372.578397668"
"Poland","2004","324279.449842642"
"Poland","2003","320230.170467384"
"Poland","2002","307535.642199397"
"Poland","2001","315274.093567475"
"Poland","2000","319120.405105406"
"Poland","1999","329380.898350257"
"Poland","1998","339145.82962033"
"Poland","1997","368415.853280443"
"Poland","1996","377308.59613738"
"Poland","1995","363885.777573228"
"Poland","1994","362012.958757259"
"Poland","1993","366427.660913436"
"Poland","1992","365865.15951878"
"Poland","1991","375684.15694778"
"Poland","1990","378782.539166168"
"Portugal","2014","48353.6903302063"
"Portugal","2013","48495.550477338"
"Portugal","2012","50262.4224416189"
"Portugal","2011","52150.653443811"
"Portugal","2010","53583.8858598739"
"Portugal","2009","58004.1969738053"
"Portugal","2008","60550.0402031828"
"Portugal","2007","62791.1477666385"
"Portugal","2006","65465.41971559"
"Portugal","2005","70034.5294076015"
"Portugal","2004","67458.1591415789"
"Portugal","2003","64697.2992169906"
"Portugal","2002","69954.4945153443"
"Portugal","2001","66113.7557093707"
"Portugal","2000","66411.3299157974"
"Portugal","1999","67612.8118918815"
"Portugal","1998","59976.20991864"
"Portugal","1997","55454.2110573498"
"Portugal","1996","52348.4688110753"
"Portugal","1995","55134.3294664048"
"Portugal","1994","51303.2041493178"
"Portugal","1993","50502.1225996005"
"Portugal","1992","51850.5656733148"
"Portugal","1991","47406.8424856753"
"Portugal","1990","45809.0714101803"
"Romania","2014","74046.4676268308"
"Romania","2013","74083.358238036"
"Romania","2012","84661.2305445011"
"Romania","2011","86163.6343263804"
"Romania","2010","80795.7740259277"
"Romania","2009","85288.2940231284"
"Romania","2008","101035.420806089"
"Romania","2007","104540.350942151"
"Romania","2006","106175.991142102"
"Romania","2005","102414.252372896"
"Romania","2004","104575.077756967"
"Romania","2003","105737.481034365"
"Romania","2002","100655.31311867"
"Romania","2001","100377.986962722"
"Romania","2000","95190.9034483113"
"Romania","1999","90443.3507659838"
"Romania","1998","106813.977529299"
"Romania","1997","123515.853269646"
"Romania","1996","131939.69450211"
"Romania","1995","128587.003639727"
"Romania","1994","122610.776956391"
"Romania","1993","124819.100092444"
"Romania","1992","132732.908743069"
"Romania","1991","143586.607530198"
"Romania","1990","174731.886787722"
"Russian Federation","2014","1671568.65225681"
"Russian Federation","2013","1666644.42307436"
"Russian Federation","2012","1727489.10411795"
"Russian Federation","2011","1717221.95058062"
"Russian Federation","2010","1662592.25855081"
"Russian Federation","2009","1576703.96685802"
"Russian Federation","2008","1684999.82263502"
"Russian Federation","2007","1653139.05550251"
"Russian Federation","2006","1653289.19267186"
"Russian Federation","2005","1593933.34385535"
"Russian Federation","2004","1575180.85973468"
"Russian Federation","2003","1568510.14348381"
"Russian Federation","2002","1531200.21174359"
"Russian Federation","2001","1542500.06477849"
"Russian Federation","2000","1504182.72891476"
"Russian Federation","1999","1512651.93084896"
"Russian Federation","1998","1476588.92527691"
"Russian Federation","1997","1502079.86636293"
"Russian Federation","1996","1581293.21958917"
"Russian Federation","1995","1629496.29767829"
"Russian Federation","1994","1685494.54694021"
"Russian Federation","1993","1909577.84022625"
"Russian Federation","1992","2013175.48242406"
"Russian Federation","1991","2433187.64541119"
"Russian Federation","1990","2589725.30553003"
"Slovakia","2014","33387.4287224285"
"Slovakia","2013","35395.1548629239"
"Slovakia","2012","35867.8962742317"
"Slovakia","2011","37880.8531455433"
"Slovakia","2010","38385.9425232062"
"Slovakia","2009","37433.4334191131"
"Slovakia","2008","41236.324036934"
"Slovakia","2007","40725.2998364864"
"Slovakia","2006","42320.4844795718"
"Slovakia","2005","42581.0225015084"
"Slovakia","2004","42576.9588896981"
"Slovakia","2003","42060.5502497607"
"Slovakia","2002","41593.5332476528"
"Slovakia","2001","43468.0933515512"
"Slovakia","2000","41155.0114506149"
"Slovakia","1999","43181.3144851094"
"Slovakia","1998","44016.9870017177"
"Slovakia","1997","45040.2697406883"
"Slovakia","1996","44978.9115789435"
"Slovakia","1995","44679.5449583075"
"Slovakia","1994","43638.4901175531"
"Slovakia","1993","46467.5491941913"
"Slovakia","1992","48979.1257649755"
"Slovakia","1991","53447.4400150003"
"Slovakia","1990","61837.5667856109"
"Slovenia","2014","13489.9800352085"
"Slovenia","2013","15148.7253832075"
"Slovenia","2012","15800.18723876"
"Slovenia","2011","16348.2391107374"
"Slovenia","2010","16363.4297727931"
"Slovenia","2009","16328.2103332782"
"Slovenia","2008","18219.7304323115"
"Slovenia","2007","17272.3791866788"
"Slovenia","2006","17129.8019864058"
"Slovenia","2005","16938.3242617391"
"Slovenia","2004","16639.1710998347"
"Slovenia","2003","16289.385897298"
"Slovenia","2002","16526.3127114803"
"Slovenia","2001","16384.7561407934"
"Slovenia","2000","15460.154173141"
"Slovenia","1999","15353.0714374852"
"Slovenia","1998","15980.4778466171"
"Slovenia","1997","16275.5596667516"
"Slovenia","1996","15945.1761136753"
"Slovenia","1995","15277.7447752259"
"Slovenia","1994","14648.7255407292"
"Slovenia","1993","14303.9936504337"
"Slovenia","1992","14009.3986307298"
"Slovenia","1991","14007.2826135476"
"Slovenia","1990","15088.3050462456"
"Spain","2014","253466.917957776"
"Spain","2013","252259.690488153"
"Spain","2012","279830.308257069"
"Spain","2011","283918.679194864"
"Spain","2010","283581.400657324"
"Spain","2009","296617.991048484"
"Spain","2008","335994.803720112"
"Spain","2007","367292.283251434"
"Spain","2006","360063.336319558"
"Spain","2005","368745.068407983"
"Spain","2004","353472.612328343"
"Spain","2003","336672.422515549"
"Spain","2002","332200.842752654"
"Spain","2001","312395.403164009"
"Spain","2000","311599.723883928"
"Spain","1999","298531.027913034"
"Spain","1998","274911.096949235"
"Spain","1997","266391.92680196"
"Spain","1996","253708.870128625"
"Spain","1995","265725.3506663"
"Spain","1994","252389.348341529"
"Spain","1993","239938.287255991"
"Spain","1992","248407.160135641"
"Spain","1991","239725.183689106"
"Spain","1990","230154.963134126"
"Sweden","2014","43404.9031709849"
"Sweden","2013","44899.1519357186"
"Sweden","2012","46559.6400230299"
"Sweden","2011","49133.5869433916"
"Sweden","2010","53057.7346342268"
"Sweden","2009","47267.4466673127"
"Sweden","2008","50831.5768143801"
"Sweden","2007","52911.7267272877"
"Sweden","2006","53697.6559330674"
"Sweden","2005","53859.2057258473"
"Sweden","2004","56428.8031427144"
"Sweden","2003","57203.5990740056"
"Sweden","2002","56631.8961687906"
"Sweden","2001","55686.7457499206"
"Sweden","2000","54730.4244140378"
"Sweden","1999","55861.2192155216"
"Sweden","1998","58733.4063631372"
"Sweden","1997","58154.5297192918"
"Sweden","1996","63238.7859377907"
"Sweden","1995","59318.672714076"
"Sweden","1994","59876.998756461"
"Sweden","1993","57425.9514469075"
"Sweden","1992","57482.0646582609"
"Sweden","1991","57755.634675433"
"Sweden","1990","57546.5432515479"
"Switzerland","2014","39265.0525915552"
"Switzerland","2013","43181.6594395143"
"Switzerland","2012","42241.5536052143"
"Switzerland","2011","40973.1491672158"
"Switzerland","2010","45027.0644798623"
"Switzerland","2009","43509.0865581053"
"Switzerland","2008","44676.9439665557"
"Switzerland","2007","43360.3856976932"
"Switzerland","2006","45351.1719954308"
"Switzerland","2005","45778.0894571267"
"Switzerland","2004","45149.667089312"
"Switzerland","2003","44587.9802671018"
"Switzerland","2002","43373.9855504706"
"Switzerland","2001","45002.2787742299"
"Switzerland","2000","43545.9597055165"
"Switzerland","1999","44354.5431186679"
"Switzerland","1998","44522.3714213249"
"Switzerland","1997","42971.6244552183"
"Switzerland","1996","44088.3349466694"
"Switzerland","1995","43368.4571561622"
"Switzerland","1994","42613.303737038"
"Switzerland","1993","43556.2764199287"
"Switzerland","1992","45974.7025405505"
"Switzerland","1991","46144.809538993"
"Switzerland","1990","44115.5340859731"
"Turkey","2014","382213.401686307"
"Turkey","2013","354961.042273042"
"Turkey","2012","363126.007248006"
"Turkey","2011","338094.408177677"
"Turkey","2010","320356.658972933"
"Turkey","2009","310580.701035275"
"Turkey","2008","323536.545145816"
"Turkey","2007","333166.418749646"
"Turkey","2006","302195.954579745"
"Turkey","2005","279130.740814477"
"Turkey","2004","253172.078433031"
"Turkey","2003","240902.462872633"
"Turkey","2002","226365.412047989"
"Turkey","2001","217469.503285608"
"Turkey","2000","232549.18950468"
"Turkey","1999","206388.619824108"
"Turkey","1998","208365.343988278"
"Turkey","1997","208480.069613411"
"Turkey","1996","194751.7794059"
"Turkey","1995","178812.409473623"
"Turkey","1994","164623.553279146"
"Turkey","1993","167443.152055541"
"Turkey","1992","158571.546483621"
"Turkey","1991","152335.174224314"
"Turkey","1990","146750.63697943"
"Ukraine","2014","247561.22104158"
"Ukraine","2013","287436.404374375"
"Ukraine","2012","295706.064347456"
"Ukraine","2011","301273.502167972"
"Ukraine","2010","287113.606385185"
"Ukraine","2009","269598.421828219"
"Ukraine","2008","317063.843729194"
"Ukraine","2007","330087.250809744"
"Ukraine","2006","325586.622022044"
"Ukraine","2005","307341.483489843"
"Ukraine","2004","296753.731531998"
"Ukraine","2003","285720.47993753"
"Ukraine","2002","281939.349721843"
"Ukraine","2001","290774.709706588"
"Ukraine","2000","271429.773920677"
"Ukraine","1999","284109.569319534"
"Ukraine","1998","309207.662874893"
"Ukraine","1997","334208.702214892"
"Ukraine","1996","344347.189394243"
"Ukraine","1995","380871.283680675"
"Ukraine","1994","409721.673978029"
"Ukraine","1993","498504.838991931"
"Ukraine","1992","577064.259624575"
"Ukraine","1991","621305.236399432"
"Ukraine","1990","693024.76655995"
"United Kingdom","2014","434794.556933168"
"United Kingdom","2013","475832.050586927"
"United Kingdom","2012","484388.090389505"
"United Kingdom","2011","464885.748926953"
"United Kingdom","2010","507595.711988819"
"United Kingdom","2009","489012.500484764"
"United Kingdom","2008","539916.163191626"
"United Kingdom","2007","553719.939024983"
"United Kingdom","2006","562083.094783584"
"United Kingdom","2005","563783.537554562"
"United Kingdom","2004","566598.164015122"
"United Kingdom","2003","565475.5203474"
"United Kingdom","2002","554227.635799311"
"United Kingdom","2001","570697.030328595"
"United Kingdom","2000","561280.866183966"
"United Kingdom","1999","553827.549146135"
"United Kingdom","1998","561253.722845185"
"United Kingdom","1997","557608.779401985"
"United Kingdom","1996","582752.784369152"
"United Kingdom","1995","561202.9539948"
"United Kingdom","1994","569458.364876459"
"United Kingdom","1993","574764.752712009"
"United Kingdom","1992","589306.018141796"
"United Kingdom","1991","604652.896877579"
"United Kingdom","1990","596398.473207427"
"United States of America","2014","5556006.57780565"
"United States of America","2013","5502550.71398641"
"United States of America","2012","5349220.94664921"
"United States of America","2011","5559507.66443653"
"United States of America","2010","5688756.00501015"
"United States of America","2009","5488320.28042503"
"United States of America","2008","5923201.37582301"
"United States of America","2007","6121653.86307212"
"United States of America","2006","6042393.61487176"
"United States of America","2005","6122746.6118598"
"United States of America","2004","6096978.36306809"
"United States of America","2003","5982289.16712555"
"United States of America","2002","5935738.78360961"
"United States of America","2001","5894462.94151346"
"United States of America","2000","5992438.03977823"
"United States of America","1999","5818972.3854139"
"United States of America","1998","5744672.1958021"
"United States of America","1997","5704996.86860223"
"United States of America","1996","5630113.71546884"
"United States of America","1995","5441599.22972902"
"United States of America","1994","5377492.21747199"
"United States of America","1993","5284758.62020545"
"United States of America","1992","5170274.35048577"
"United States of America","1991","5064879.75034285"
"United States of America","1990","5115095.04749812"